{"properties":{"connectionReferences":{"shared_msnweather":{"runtimeSource":"invoker","connection":{"connectionReferenceLogicalName":"fmppt_sharedmsnweather_fa4e4"},"api":{"name":"shared_msnweather"}}},"definition":{"$schema":"https://schema.management.azure.com/providers/Microsoft.Logic/schemas/2016-06-01/workflowdefinition.json#","contentVersion":"1.0.0.0","parameters":{"$connections":{"defaultValue":{},"type":"Object"},"$authentication":{"defaultValue":{},"type":"SecureObject"}},"triggers":{"manual":{"type":"Request","kind":"PowerApp","inputs":{"schema":{"type":"object","properties":{"Getforecastfortoday_Location":{"type":"string","description":"The location search query.  Valid inputs are City, Region, State, Country, Landmark, PostalCode, and Lat.Long.","x-ms-powerflows-param-ispartial":false}},"required":["Getforecastfortoday_Location"]}}}},"actions":{"Get_forecast_for_today":{"runAfter":{},"type":"OpenApiConnection","inputs":{"host":{"connectionName":"shared_msnweather","operationId":"TodaysForecast","apiId":"/providers/Microsoft.PowerApps/apis/shared_msnweather"},"parameters":{"Location":"@triggerBody()['Getforecastfortoday_Location']","units":"Metric"},"authentication":{"type":"Raw","value":"@json(decodeBase64(triggerOutputs().headers['X-MS-APIM-Tokens']))['$ConnectionKey']"}}},"Parse_JSON":{"runAfter":{"Get_forecast_for_today":["Succeeded"]},"type":"ParseJson","inputs":{"content":"@outputs('Get_forecast_for_today')?['body']","schema":{"type":"object","properties":{"responses":{"type":"object","properties":{"daily":{"type":"object","properties":{"day":{"type":"object","properties":{"cap":{"type":"string"},"pvdrCap":{"type":"string"},"pvdrWindDir":{"type":"string"},"pvdrWindSpd":{"type":"string"},"icon":{"type":"integer"},"pvdrIcon":{"type":"string"},"precip":{"type":"integer"},"wx":{"type":"string"},"sky":{"type":"string"},"windDir":{"type":"integer"},"windSpd":{"type":"integer"},"summary":{"type":"string"}}},"night":{"type":"object","properties":{"cap":{"type":"string"},"pvdrCap":{"type":"string"},"pvdrWindDir":{"type":"string"},"pvdrWindSpd":{"type":"string"},"icon":{"type":"integer"},"pvdrIcon":{"type":"string"},"precip":{"type":"integer"},"wx":{"type":"string"},"sky":{"type":"string"},"windDir":{"type":"integer"},"windSpd":{"type":"integer"},"summary":{"type":"string"}}},"pvdrCap":{"type":"string"},"pvdrWindDir":{"type":"string"},"pvdrWindSpd":{"type":"string"},"valid":{"type":"string"},"icon":{"type":"integer"},"pvdrIcon":{"type":"string"},"precip":{"type":"integer"},"windMax":{"type":"integer"},"windMaxDir":{"type":"integer"},"rhHi":{"type":"integer"},"rhLo":{"type":"integer"},"tempHi":{"type":"integer"},"tempLo":{"type":"integer"},"uv":{"type":"integer"},"uvDesc":{"type":"string"},"created":{"type":"string"}}},"almanac":{"type":"object","properties":{"valid":{"type":"string"},"sunrise":{"type":"string"},"sunset":{"type":"string"},"sunState":{"type":"string"},"moonrise":{"type":"string"},"moonset":{"type":"string"},"moonState":{"type":"string"},"moonPhase":{"type":"string"},"moonPhaseCode":{"type":"string"}}},"provider":{"type":"object","properties":{"name":{"type":"string"},"url":{"type":"string"}}},"source":{"type":"object","properties":{"id":{"type":"string"},"coordinates":{"type":"object","properties":{"lat":{"type":"number"},"lon":{"type":"number"}}},"utcOffset":{"type":"string"},"countryCode":{"type":"string"},"location":{"type":"string"}}}}},"units":{"type":"object","properties":{"system":{"type":"string"},"pressure":{"type":"string"},"temperature":{"type":"string"},"speed":{"type":"string"},"height":{"type":"string"},"distance":{"type":"string"},"time":{"type":"string"}}},"copyright":{"type":"string"}}}}},"Result_-_Error_404":{"runAfter":{"Get_forecast_for_today":["Failed"]},"type":"ParseJson","inputs":{"content":"@outputs('Get_forecast_for_today')?['body']","schema":{"type":"object","properties":{"responses":{"type":"array","items":{"type":"object","properties":{"error":{"type":"object","properties":{"query":{"type":"string"},"code":{"type":"string"}}}},"required":["error"]}},"units":{"type":"object","properties":{"system":{"type":"string"},"pressure":{"type":"string"},"temperature":{"type":"string"},"speed":{"type":"string"},"height":{"type":"string"},"distance":{"type":"string"},"time":{"type":"string"}}},"copyright":{"type":"string"}}}}},"Response":{"runAfter":{"Result_-_Error_404":["Succeeded"]},"type":"Response","kind":"Http","inputs":{"statusCode":200,"body":{"success":false,"status":404,"message":"@{body('Result_-_Error_404')?['responses'][0]?['error']?['code']}"},"schema":{"type":"object","properties":{"success":{"type":"boolean"},"status":{"type":"integer"},"templow":{"type":"integer"},"temphigh":{"type":"integer"},"message":{"type":"string"},"location":{"type":"string"},"units":{"type":"string"}}}}},"Response_2":{"runAfter":{"Parse_JSON":["Succeeded"]},"type":"Response","kind":"Http","inputs":{"statusCode":200,"body":{"success":true,"status":200,"templow":"@body('Parse_JSON')?['responses']?['daily']?['tempLo']","temphigh":"@body('Parse_JSON')?['responses']?['daily']?['tempHi']","location":"@body('Parse_JSON')?['responses']?['source']?['location']","units":"@body('Parse_JSON')?['units']?['temperature']"},"schema":{"type":"object","properties":{"success":{"type":"boolean"},"status":{"type":"integer"},"templow":{"type":"integer"},"temphigh":{"type":"integer"},"message":{"type":"string"},"location":{"type":"string"},"units":{"type":"string"}}}}}},"outputs":{}}},"schemaVersion":"1.0.0.0"}